{
  "isotonic": {
    "x": [
      0.0,
      0.222123,
      0.222568,
      0.226955,
      0.227737,
      0.238232,
      0.241358,
      0.242002,
      0.242238,
      0.24722,
      0.254781,
      0.256708,
      0.26,
      0.260047,
      0.260762,
      0.262329,
      0.262898,
      0.264556,
      0.266767,
      0.267141,
      0.269482,
      0.274537,
      0.27833,
      0.283366,
      0.290109,
      0.30052,
      0.302384,
      0.303769,
      0.305082,
      0.306383,
      0.31973,
      0.321346,
      0.321419,
      0.329187,
      0.330283,
      0.330356,
      0.331952,
      0.34,
      0.346188,
      0.348298,
      0.351843,
      0.351991,
      0.352435,
      0.358918,
      0.367428,
      0.368862,
      0.37301,
      0.376305,
      0.376577,
      0.442001,
      0.443666,
      0.44742,
      0.44808,
      0.448924,
      0.453691,
      0.456761,
      0.457635,
      0.458324,
      0.461019,
      0.461071,
      0.48,
      0.480428,
      0.490196,
      0.4912,
      0.495851,
      0.497658,
      0.498379,
      0.506352,
      0.511374,
      0.513164,
      0.515433,
      0.51969,
      0.519803,
      0.607273,
      0.612438,
      0.613072,
      0.614292,
      0.615907,
      0.617857,
      0.62119,
      0.623151,
      0.625174,
      0.625236,
      0.633754,
      0.633773,
      0.636298,
      0.64,
      0.642958,
      0.650855,
      0.654769,
      0.664754,
      0.6678,
      0.668937,
      0.671826,
      0.674932,
      0.677686,
      0.677849,
      0.880918,
      0.888772,
      0.896879,
      0.897491,
      0.897546,
      0.898623,
      0.906928,
      0.909614,
      0.91053,
      0.911651,
      0.92,
      0.923595,
      0.924163,
      0.924909,
      0.92873,
      0.931154,
      0.931277,
      0.934136,
      0.936366,
      0.94208,
      0.944466,
      0.94457,
      0.950068,
      0.959162,
      1.0
    ],
    "y": [
      0.0,
      0.0,
      0.0,
      0.0,
      0.0,
      0.0,
      0.0,
      0.0,
      0.0,
      0.0,
      0.0,
      0.0,
      0.0,
      0.0,
      0.0,
      0.0,
      0.0,
      0.0,
      0.0,
      0.0,
      0.0,
      0.0,
      0.0,
      0.0,
      0.0,
      0.0,
      0.0,
      0.0,
      0.0,
      0.0,
      0.0,
      0.0,
      0.0,
      0.0,
      0.0,
      0.0,
      0.0,
      0.0,
      0.0,
      0.0,
      0.0,
      0.0,
      0.0,
      0.0,
      0.0,
      0.0,
      0.0,
      0.0,
      0.0,
      0.0,
      0.0,
      0.0,
      0.0,
      0.0,
      0.0,
      0.0,
      0.0,
      0.0,
      0.0,
      0.0,
      0.0,
      0.0,
      0.0,
      0.0,
      0.0,
      0.0,
      0.0,
      0.0,
      0.0,
      0.0,
      0.0,
      0.0,
      0.0,
      0.0,
      0.0,
      0.0,
      0.0,
      0.0,
      0.0,
      0.0,
      0.0,
      0.0,
      0.0,
      0.0,
      0.0,
      0.0,
      0.0,
      0.0,
      0.0,
      0.0,
      0.0,
      0.0,
      0.0,
      0.0,
      0.0,
      0.0,
      0.0,
      1.0,
      1.0,
      1.0,
      1.0,
      1.0,
      1.0,
      1.0,
      1.0,
      1.0,
      1.0,
      1.0,
      1.0,
      1.0,
      1.0,
      1.0,
      1.0,
      1.0,
      1.0,
      1.0,
      1.0,
      1.0,
      1.0,
      1.0,
      1.0,
      1.0
    ]
  },
  "metrics": {
    "isotonic_validation": {
      "brier": 2.144222120235848e-08,
      "ece": 2.6734634965626192e-05
    },
    "platt_validation": {
      "brier": 0.09190039987781023,
      "ece": 0.23883211744546737
    },
    "raw": {
      "brier": 0.16561035791165832,
      "ece": 0.35843987499999996
    },
    "selected_full_dataset": {
      "brier": 0.0,
      "ece": 0.0
    },
    "selected_model": "isotonic"
  },
  "model_type": "isotonic",
  "trained_at": "2026-02-20T16:45:33+00:00",
  "version": "calibrated_v1"
}